<?xml version="1.0" encoding="UTF-8"?>
<project-private xmlns="http://www.netbeans.org/ns/project-private/1">
    <editor-bookmarks xmlns="http://www.netbeans.org/ns/editor-bookmarks/2" lastBookmarkId="0"/>
    <open-files xmlns="http://www.netbeans.org/ns/projectui-open-files/2">
        <group>
            <file>file:/C:/Users/Admin/Documents/NetBeansProjects/toll/web/index.jsp</file>
            <file>file:/C:/Users/Admin/Documents/NetBeansProjects/toll/web/register.jsp</file>
            <file>file:/C:/Users/Admin/Documents/NetBeansProjects/toll/web/monthly.jsp</file>
            <file>file:/C:/Users/Admin/Documents/NetBeansProjects/toll/web/home2.jsp</file>
            <file>file:/C:/Users/Admin/Documents/NetBeansProjects/toll/web/onetime.jsp</file>
            <file>file:/C:/Users/Admin/Documents/NetBeansProjects/toll/web/payment.jsp</file>
            <file>file:/C:/Users/Admin/Documents/NetBeansProjects/toll/web/home.jsp</file>
        </group>
    </open-files>
</project-private>
